1,X,HumanPlayer
1,X,HumanPlayer
1,X,HumanPlayer
Draw,Draw,Draw
1,X,HumanPlayer
2,O,BotPlayer
Draw,Draw,Draw
Draw,Draw,Draw
1,X,HumanPlayer
1,X,HumanPlayer
Draw,Draw,Draw
Draw,Draw,Draw
2,O,BotPlayer
1,X,HumanPlayer
1,X,HumanPlayer
2,O,BotPlayer
1,X,HumanPlayer
1,X,HumanPlayer
1,X,HumanPlayer
1,X,HumanPlayer
Draw,Draw,Draw
2,O,BotPlayer
2,O,BotPlayer
2,O,BotPlayer
1,X,HumanPlayer
2,O,BotPlayer
1,X,HumanPlayer
1,X,HumanPlayer
2,O,BotPlayer
Draw,Draw,Draw
2,O,BotPlayer
2,O,BotPlayer
1,X,HumanPlayer
1,X,HumanPlayer
1,X,HumanPlayer
1,X,HumanPlayer
1,X,HumanPlayer
1,X,HumanPlayer
1,X,HumanPlayer
1,X,HumanPlayer
Draw,Draw,Draw
2,O,BotPlayer
1,X,HumanPlayer
2,O,BotPlayer
Draw,Draw,Draw
Draw,Draw,Draw
2,O,BotPlayer
2,O,BotPlayer
2,O,BotPlayer
2,O,BotPlayer
2,O,BotPlayer
1,X,HumanPlayer
1,X,HumanPlayer
1,X,HumanPlayer
1,X,HumanPlayer
2,O,BotPlayer
1,X,HumanPlayer
2,O,BotPlayer
1,X,HumanPlayer
2,O,BotPlayer
2,O,BotPlayer
2,O,BotPlayer
1,X,HumanPlayer
Draw,Draw,Draw
1,X,HumanPlayer
1,X,HumanPlayer
1,X,HumanPlayer
1,X,HumanPlayer
2,O,BotPlayer
1,X,HumanPlayer
2,O,BotPlayer
2,O,BotPlayer
1,X,HumanPlayer
1,X,HumanPlayer
Draw,Draw,Draw
1,X,HumanPlayer
2,O,BotPlayer
Draw,Draw,Draw
2,O,BotPlayer
Draw,Draw,Draw
1,X,HumanPlayer
2,O,BotPlayer
1,X,HumanPlayer
1,X,HumanPlayer
1,X,HumanPlayer
2,O,BotPlayer
Draw,Draw,Draw
1,X,HumanPlayer
2,O,BotPlayer
Draw,Draw,Draw
1,X,HumanPlayer
1,X,HumanPlayer
1,X,HumanPlayer
2,O,BotPlayer
2,O,BotPlayer
1,X,HumanPlayer
Draw,Draw,Draw
2,O,BotPlayer
1,X,HumanPlayer
1,X,HumanPlayer
2,O,BotPlayer
2,O,BotPlayer
2,O,BotPlayer
Draw,Draw,Draw
2,O,BotPlayer
2,O,BotPlayer
2,O,BotPlayer
2,O,BotPlayer
2,O,BotPlayer
2,O,BotPlayer
2,O,BotPlayer
2,O,BotPlayer
2,O,BotPlayer
2,O,BotPlayer
2,O,BotPlayer
Draw,Draw,Draw
2,O,BotPlayer
2,O,BotPlayer
2,O,BotPlayer
2,O,BotPlayer
Draw,Draw,Draw
2,O,BotPlayer
2,O,BotPlayer
2,O,BotPlayer
2,O,BotPlayer
2,O,BotPlayer
2,O,BotPlayer
2,O,BotPlayer
2,O,BotPlayer
2,O,BotPlayer
2,O,BotPlayer
2,O,BotPlayer
2,O,BotPlayer
Draw,Draw,Draw
2,O,BotPlayer
Draw,Draw,Draw
2,O,BotPlayer
2,O,BotPlayer
2,O,BotPlayer
2,O,BotPlayer
2,O,BotPlayer
2,O,BotPlayer
2,O,BotPlayer
2,O,BotPlayer
Draw,Draw,Draw
2,O,BotPlayer
2,O,BotPlayer
2,O,BotPlayer
2,O,BotPlayer
Draw,Draw,Draw
Draw,Draw,Draw
2,O,BotPlayer
Draw,Draw,Draw
2,O,BotPlayer
2,O,BotPlayer
Draw,Draw,Draw
2,O,BotPlayer
Draw,Draw,Draw
2,O,BotPlayer
2,O,BotPlayer
2,O,BotPlayer
2,O,BotPlayer
2,O,BotPlayer
2,O,BotPlayer
2,O,BotPlayer
2,O,BotPlayer
2,O,BotPlayer
Draw,Draw,Draw
2,O,BotPlayer
2,O,BotPlayer
2,O,BotPlayer
2,O,BotPlayer
2,O,BotPlayer
2,O,BotPlayer
2,O,BotPlayer
2,O,BotPlayer
2,O,BotPlayer
2,O,BotPlayer
2,O,BotPlayer
2,O,BotPlayer
Draw,Draw,Draw
2,O,BotPlayer
2,O,BotPlayer
2,O,BotPlayer
2,O,BotPlayer
2,O,BotPlayer
2,O,BotPlayer
2,O,BotPlayer
Draw,Draw,Draw
2,O,BotPlayer
2,O,BotPlayer
Draw,Draw,Draw
2,O,BotPlayer
2,O,BotPlayer
2,O,BotPlayer
Draw,Draw,Draw
2,O,BotPlayer
2,O,BotPlayer
2,O,BotPlayer
2,O,BotPlayer
